[
    {
        "name": "Baklava",
        "barcode": "00001",
        "pdv": "17%",
        "section": "JELA",
        "price": "7.00",
        "in_stock": true
    },
    {
        "name": "Baklava",
        "barcode": "00002",
        "pdv": "17%",
        "section": "JELA",
        "price": "5.00",
        "in_stock": true
    },
    {
        "name": "Cevapi 10x",
        "barcode": "00003",
        "pdv": "17%",
        "section": "JELA",
        "price": "13.00",
        "in_stock": true
    },
    {
        "name": "Cevapi mala porcija",
        "barcode": "00004",
        "pdv": "17%",
        "section": "JELA",
        "price": "7.00",
        "in_stock": true
    },
    {
        "name": "Corba",
        "barcode": "00005",
        "pdv": "17%",
        "section": "JELA",
        "price": "8.00",
        "in_stock": true
    },
    {
        "name": "DALMATINSKA MEZA MALA",
        "barcode": "00006",
        "pdv": "17%",
        "section": "JELA",
        "price": "10.00",
        "in_stock": true
    },
    {
        "name": "DORUCAK",
        "barcode": "00007",
        "pdv": "17%",
        "section": "JELA",
        "price": "10.00",
        "in_stock": true
    },
    {
        "name": "DORUCAK",
        "barcode": "00008",
        "pdv": "17%",
        "section": "JELA",
        "price": "20.00",
        "in_stock": true
    },
    {
        "name": "Faletici Plata 1 osoba",
        "barcode": "00009",
        "pdv": "17%",
        "section": "JELA",
        "price": "20.00",
        "in_stock": true
    },
    {
        "name": "Filovane paprike",
        "barcode": "00010",
        "pdv": "17%",
        "section": "JELA",
        "price": "12.00",
        "in_stock": true
    },
    {
        "name": "Grah",
        "barcode": "00011",
        "pdv": "17%",
        "section": "JELA",
        "price": "7.00",
        "in_stock": true
    },
    {
        "name": "Grilovano povrce",
        "barcode": "00012",
        "pdv": "17%",
        "section": "JELA",
        "price": "10.00",
        "in_stock": true
    },
    {
        "name": "Gulaš",
        "barcode": "00013",
        "pdv": "17%",
        "section": "JELA",
        "price": "10.00",
        "in_stock": true
    },
    {
        "name": "HLADNA PLATA 1 OSOBA",
        "barcode": "00014",
        "pdv": "17%",
        "section": "JELA",
        "price": "15.00",
        "in_stock": true
    },
    {
        "name": "Jaja na oko",
        "barcode": "00015",
        "pdv": "17%",
        "section": "JELA",
        "price": "3.00",
        "in_stock": true
    },
    {
        "name": "JANJETINA PORCIJA",
        "barcode": "00016",
        "pdv": "17%",
        "section": "JELA",
        "price": "17.00",
        "in_stock": true
    },
    {
        "name": "Janjetina raznja 1/2",
        "barcode": "00017",
        "pdv": "17%",
        "section": "JELA",
        "price": "30.00",
        "in_stock": true
    },
    {
        "name": "Janjetina s ražnja 1 kg",
        "barcode": "00018",
        "pdv": "17%",
        "section": "JELA",
        "price": "65.00",
        "in_stock": true
    },
    {
        "name": "Klepe",
        "barcode": "00019",
        "pdv": "17%",
        "section": "JELA",
        "price": "8.00",
        "in_stock": true
    },
    {
        "name": "Kupus salata",
        "barcode": "00020",
        "pdv": "17%",
        "section": "JELA",
        "price": "4.00",
        "in_stock": true
    },
    {
        "name": "Lokumi/Ustipci por. 10 kom",
        "barcode": "00021",
        "pdv": "17%",
        "section": "JELA",
        "price": "8.00",
        "in_stock": true
    },
    {
        "name": "Mijesano meso 2 osobe",
        "barcode": "00022",
        "pdv": "17%",
        "section": "JELA",
        "price": "28.00",
        "in_stock": true
    },
    {
        "name": "Muckalica",
        "barcode": "00023",
        "pdv": "17%",
        "section": "JELA",
        "price": "7.00",
        "in_stock": true
    },
    {
        "name": "Palacinci",
        "barcode": "00024",
        "pdv": "17%",
        "section": "JELA",
        "price": "7.00",
        "in_stock": true
    },
    {
        "name": "Paradajz salata",
        "barcode": "00025",
        "pdv": "17%",
        "section": "JELA",
        "price": "4.00",
        "in_stock": true
    },
    {
        "name": "Pastrmka sa povrcem",
        "barcode": "00026",
        "pdv": "17%",
        "section": "JELA",
        "price": "25.00",
        "in_stock": true
    },
    {
        "name": "PECENE PAPRIKE",
        "barcode": "00027",
        "pdv": "17%",
        "section": "JELA",
        "price": "7.00",
        "in_stock": true
    },
    {
        "name": "PEKARSKI KROMPIR POR",
        "barcode": "00028",
        "pdv": "17%",
        "section": "JELA",
        "price": "5.00",
        "in_stock": true
    },
    {
        "name": "Pileci file",
        "barcode": "00029",
        "pdv": "17%",
        "section": "JELA",
        "price": "13.00",
        "in_stock": true
    },
    {
        "name": "Pileci ražnjici Malaga",
        "barcode": "00030",
        "pdv": "17%",
        "section": "JELA",
        "price": "13.00",
        "in_stock": true
    },
    {
        "name": "Pita ispod saca 1 kg",
        "barcode": "00031",
        "pdv": "17%",
        "section": "JELA",
        "price": "27.00",
        "in_stock": true
    },
    {
        "name": "Pita Porcija",
        "barcode": "00032",
        "pdv": "17%",
        "section": "JELA",
        "price": "8.00",
        "in_stock": true
    },
    {
        "name": "PLATA ROSTILJ 2 OSOBE",
        "barcode": "00033",
        "pdv": "17%",
        "section": "JELA",
        "price": "40.00",
        "in_stock": true
    },
    {
        "name": "Pljeskavica",
        "barcode": "00034",
        "pdv": "17%",
        "section": "JELA",
        "price": "10.00",
        "in_stock": true
    },
    {
        "name": "Pomfrit",
        "barcode": "00035",
        "pdv": "17%",
        "section": "JELA",
        "price": "4.00",
        "in_stock": true
    },
    {
        "name": "Pura",
        "barcode": "00036",
        "pdv": "17%",
        "section": "JELA",
        "price": "8.00",
        "in_stock": true
    },
    {
        "name": "Sarajevski Sahan",
        "barcode": "00037",
        "pdv": "17%",
        "section": "JELA",
        "price": "12.00",
        "in_stock": true
    },
    {
        "name": "Sarma",
        "barcode": "00038",
        "pdv": "17%",
        "section": "JELA",
        "price": "12.00",
        "in_stock": true
    },
    {
        "name": "Sezonska salata",
        "barcode": "00039",
        "pdv": "17%",
        "section": "JELA",
        "price": "5.00",
        "in_stock": true
    },
    {
        "name": "Sladoled kugla",
        "barcode": "00040",
        "pdv": "17%",
        "section": "JELA",
        "price": "2.50",
        "in_stock": true
    },
    {
        "name": "Sogan Dolma",
        "barcode": "00041",
        "pdv": "17%",
        "section": "JELA",
        "price": "12.00",
        "in_stock": true
    },
    {
        "name": "SOMUN",
        "barcode": "00042",
        "pdv": "17%",
        "section": "JELA",
        "price": "1.60",
        "in_stock": true
    },
    {
        "name": "SUDZUKICE",
        "barcode": "00043",
        "pdv": "17%",
        "section": "JELA",
        "price": "8.00",
        "in_stock": true
    },
    {
        "name": "Teleca snicla Rostilj",
        "barcode": "00044",
        "pdv": "17%",
        "section": "JELA",
        "price": "15.00",
        "in_stock": true
    },
    {
        "name": "Teleci cevap",
        "barcode": "00045",
        "pdv": "17%",
        "section": "JELA",
        "price": "13.00",
        "in_stock": true
    },
    {
        "name": "Teletina ispod saca 1 kg",
        "barcode": "00046",
        "pdv": "17%",
        "section": "JELA",
        "price": "60.00",
        "in_stock": true
    },
    {
        "name": "TELETINA SAC PORCIJA",
        "barcode": "00047",
        "pdv": "17%",
        "section": "JELA",
        "price": "20.00",
        "in_stock": true
    },
    {
        "name": "VOCNA PLATA",
        "barcode": "00048",
        "pdv": "17%",
        "section": "JELA",
        "price": "20.00",
        "in_stock": true
    },
    {
        "name": "BEZALKOHOLNO PICE",
        "barcode": "00049",
        "pdv": "17%",
        "section": "NOVA GODINA",
        "price": "5.00",
        "in_stock": true
    },
    {
        "name": "BOSANSKA KAFA",
        "barcode": "00050",
        "pdv": "17%",
        "section": "NOVA GODINA",
        "price": "3.50",
        "in_stock": true
    },
    {
        "name": "BUREDZIKE 1 KG NG",
        "barcode": "00051",
        "pdv": "17%",
        "section": "NOVA GODINA",
        "price": "22.00",
        "in_stock": true
    },
    {
        "name": "CORBA",
        "barcode": "00052",
        "pdv": "17%",
        "section": "NOVA GODINA",
        "price": "5.00",
        "in_stock": true
    },
    {
        "name": "DALMATINSKA PLATA MALA",
        "barcode": "00053",
        "pdv": "17%",
        "section": "NOVA GODINA",
        "price": "15.00",
        "in_stock": true
    },
    {
        "name": "ESPRESS0",
        "barcode": "00054",
        "pdv": "17%",
        "section": "NOVA GODINA",
        "price": "2.50",
        "in_stock": true
    },
    {
        "name": "HLADNA PLATA 2 OSOBE NG",
        "barcode": "00055",
        "pdv": "17%",
        "section": "NOVA GODINA",
        "price": "50.00",
        "in_stock": true
    },
    {
        "name": "HLADNA PLATA 4 OSOBE NG",
        "barcode": "00056",
        "pdv": "17%",
        "section": "NOVA GODINA",
        "price": "100.00",
        "in_stock": true
    },
    {
        "name": "HLADNA PLATA NG",
        "barcode": "00057",
        "pdv": "17%",
        "section": "NOVA GODINA",
        "price": "25.00",
        "in_stock": true
    },
    {
        "name": "JANJETINA 1/2",
        "barcode": "00058",
        "pdv": "17%",
        "section": "NOVA GODINA",
        "price": "30.00",
        "in_stock": true
    },
    {
        "name": "JANJETINA SAC 1 KG NG",
        "barcode": "00059",
        "pdv": "17%",
        "section": "NOVA GODINA",
        "price": "60.00",
        "in_stock": true
    },
    {
        "name": "JOGURT",
        "barcode": "00060",
        "pdv": "17%",
        "section": "NOVA GODINA",
        "price": "3.00",
        "in_stock": true
    },
    {
        "name": "KAFA S MLIJEKOM",
        "barcode": "00061",
        "pdv": "17%",
        "section": "NOVA GODINA",
        "price": "3.00",
        "in_stock": true
    },
    {
        "name": "KISELA VODA 1L",
        "barcode": "00062",
        "pdv": "17%",
        "section": "NOVA GODINA",
        "price": "8.00",
        "in_stock": true
    },
    {
        "name": "KISELA VODA MALA",
        "barcode": "00063",
        "pdv": "17%",
        "section": "NOVA GODINA",
        "price": "3.50",
        "in_stock": true
    },
    {
        "name": "KUHANA JELA",
        "barcode": "00064",
        "pdv": "17%",
        "section": "NOVA GODINA",
        "price": "15.00",
        "in_stock": true
    },
    {
        "name": "MIX PICE",
        "barcode": "00065",
        "pdv": "17%",
        "section": "NOVA GODINA",
        "price": "10.00",
        "in_stock": true
    },
    {
        "name": "NESS KAFA",
        "barcode": "00066",
        "pdv": "17%",
        "section": "NOVA GODINA",
        "price": "3.00",
        "in_stock": true
    },
    {
        "name": "PALACINCI NG",
        "barcode": "00067",
        "pdv": "17%",
        "section": "NOVA GODINA",
        "price": "6.00",
        "in_stock": true
    },
    {
        "name": "PASTRMKA SA PRILOGOM NG",
        "barcode": "00068",
        "pdv": "17%",
        "section": "NOVA GODINA",
        "price": "30.00",
        "in_stock": true
    },
    {
        "name": "PITA 1 KG",
        "barcode": "00069",
        "pdv": "17%",
        "section": "NOVA GODINA",
        "price": "22.00",
        "in_stock": true
    },
    {
        "name": "PITA ZVRK",
        "barcode": "00070",
        "pdv": "17%",
        "section": "NOVA GODINA",
        "price": "4.00",
        "in_stock": true
    },
    {
        "name": "RAKIJA",
        "barcode": "00071",
        "pdv": "17%",
        "section": "NOVA GODINA",
        "price": "4.00",
        "in_stock": true
    },
    {
        "name": "SALATA KUPUS NG",
        "barcode": "00072",
        "pdv": "17%",
        "section": "NOVA GODINA",
        "price": "5.00",
        "in_stock": true
    },
    {
        "name": "SAMPANJAC",
        "barcode": "00073",
        "pdv": "17%",
        "section": "NOVA GODINA",
        "price": "100.00",
        "in_stock": true
    },
    {
        "name": "SARAJEVSKI SAHAN NG",
        "barcode": "00074",
        "pdv": "17%",
        "section": "NOVA GODINA",
        "price": "20.00",
        "in_stock": true
    },
    {
        "name": "SARAJEVSKO PIVO",
        "barcode": "00075",
        "pdv": "17%",
        "section": "NOVA GODINA",
        "price": "4.00",
        "in_stock": true
    },
    {
        "name": "SIRNICA 1KG NG",
        "barcode": "00076",
        "pdv": "17%",
        "section": "NOVA GODINA",
        "price": "19.00",
        "in_stock": true
    },
    {
        "name": "SPRICER-GEMIST",
        "barcode": "00077",
        "pdv": "17%",
        "section": "NOVA GODINA",
        "price": "8.00",
        "in_stock": true
    },
    {
        "name": "TELETINA SAC 1/2 KG",
        "barcode": "00078",
        "pdv": "17%",
        "section": "NOVA GODINA",
        "price": "30.00",
        "in_stock": true
    },
    {
        "name": "USTIPCI",
        "barcode": "00079",
        "pdv": "17%",
        "section": "NOVA GODINA",
        "price": "12.00",
        "in_stock": true
    },
    {
        "name": "VINO CASA",
        "barcode": "00080",
        "pdv": "17%",
        "section": "NOVA GODINA",
        "price": "7.00",
        "in_stock": true
    },
    {
        "name": "VINO DOMACE 0,75",
        "barcode": "00081",
        "pdv": "17%",
        "section": "NOVA GODINA",
        "price": "40.00",
        "in_stock": true
    },
    {
        "name": "VINO FINCA LOMILLA 0,75",
        "barcode": "00082",
        "pdv": "17%",
        "section": "NOVA GODINA",
        "price": "60.00",
        "in_stock": true
    },
    {
        "name": "ZELJANICA 1KG NG",
        "barcode": "00083",
        "pdv": "17%",
        "section": "NOVA GODINA",
        "price": "20.00",
        "in_stock": true
    },
    {
        "name": "ZESTOKO PICE",
        "barcode": "00084",
        "pdv": "17%",
        "section": "NOVA GODINA",
        "price": "6.00",
        "in_stock": true
    },
    {
        "name": "Corrona",
        "barcode": "00085",
        "pdv": "17%",
        "section": "PIVO",
        "price": "6.00",
        "in_stock": true
    },
    {
        "name": "Medovaca",
        "barcode": "00086",
        "pdv": "17%",
        "section": "PIVO",
        "price": "4.00",
        "in_stock": true
    },
    {
        "name": "Sarajevsko pivo",
        "barcode": "00087",
        "pdv": "17%",
        "section": "PIVO",
        "price": "4.00",
        "in_stock": true
    },
    {
        "name": "Somersby",
        "barcode": "00088",
        "pdv": "17%",
        "section": "PIVO",
        "price": "5.00",
        "in_stock": true
    },
    {
        "name": "Tuborg 0,33",
        "barcode": "00089",
        "pdv": "17%",
        "section": "PIVO",
        "price": "4.00",
        "in_stock": true
    },
    {
        "name": "Vernesguner",
        "barcode": "00090",
        "pdv": "17%",
        "section": "PIVO",
        "price": "7.00",
        "in_stock": true
    },
    {
        "name": "Ajvar",
        "barcode": "00091",
        "pdv": "17%",
        "section": "PRILOZI",
        "price": "5.00",
        "in_stock": true
    },
    {
        "name": "Kajmak",
        "barcode": "00092",
        "pdv": "17%",
        "section": "PRILOZI",
        "price": "5.00",
        "in_stock": true
    },
    {
        "name": "Masline",
        "barcode": "00093",
        "pdv": "17%",
        "section": "PRILOZI",
        "price": "3.00",
        "in_stock": true
    },
    {
        "name": "Sir Dodatak",
        "barcode": "00094",
        "pdv": "17%",
        "section": "PRILOZI",
        "price": "5.00",
        "in_stock": true
    },
    {
        "name": "Somun",
        "barcode": "00095",
        "pdv": "17%",
        "section": "PRILOZI",
        "price": "1.00",
        "in_stock": true
    },
    {
        "name": "apartman 4 osobe",
        "barcode": "00096",
        "pdv": "17%",
        "section": "SMJESTAJ",
        "price": "200.00",
        "in_stock": true
    },
    {
        "name": "CEDEVITA",
        "barcode": "00097",
        "pdv": "17%",
        "section": "SOKOVI I VODA",
        "price": "4.00",
        "in_stock": true
    },
    {
        "name": "Coca cola",
        "barcode": "00098",
        "pdv": "17%",
        "section": "SOKOVI I VODA",
        "price": "4.00",
        "in_stock": true
    },
    {
        "name": "DOMACI JOGURT",
        "barcode": "00099",
        "pdv": "17%",
        "section": "SOKOVI I VODA",
        "price": "3.50",
        "in_stock": true
    },
    {
        "name": "Domaci sok - casa",
        "barcode": "00100",
        "pdv": "17%",
        "section": "SOKOVI I VODA",
        "price": "4.00",
        "in_stock": true
    },
    {
        "name": "Energy Drink",
        "barcode": "00101",
        "pdv": "17%",
        "section": "SOKOVI I VODA",
        "price": "7.00",
        "in_stock": true
    },
    {
        "name": "Fanta",
        "barcode": "00102",
        "pdv": "17%",
        "section": "SOKOVI I VODA",
        "price": "4.00",
        "in_stock": true
    },
    {
        "name": "Flaširana voda",
        "barcode": "00103",
        "pdv": "17%",
        "section": "SOKOVI I VODA",
        "price": "3.00",
        "in_stock": true
    },
    {
        "name": "Kisela voda 1.5 l",
        "barcode": "00104",
        "pdv": "17%",
        "section": "SOKOVI I VODA",
        "price": "8.00",
        "in_stock": true
    },
    {
        "name": "Limunada",
        "barcode": "00105",
        "pdv": "17%",
        "section": "SOKOVI I VODA",
        "price": "5.00",
        "in_stock": true
    },
    {
        "name": "Mineralna voda",
        "barcode": "00106",
        "pdv": "17%",
        "section": "SOKOVI I VODA",
        "price": "3.00",
        "in_stock": true
    },
    {
        "name": "Prirodni sok -flasa",
        "barcode": "00107",
        "pdv": "17%",
        "section": "SOKOVI I VODA",
        "price": "4.00",
        "in_stock": true
    },
    {
        "name": "Schweepes Bitter Lemon",
        "barcode": "00108",
        "pdv": "17%",
        "section": "SOKOVI I VODA",
        "price": "4.00",
        "in_stock": true
    },
    {
        "name": "Sprite",
        "barcode": "00109",
        "pdv": "17%",
        "section": "SOKOVI I VODA",
        "price": "4.00",
        "in_stock": true
    },
    {
        "name": "Tegla Ajvara",
        "barcode": "00110",
        "pdv": "17%",
        "section": "SOKOVI I VODA",
        "price": "6.00",
        "in_stock": true
    },
    {
        "name": "Tegla Kajmaka",
        "barcode": "00111",
        "pdv": "17%",
        "section": "SOKOVI I VODA",
        "price": "6.00",
        "in_stock": true
    },
    {
        "name": "Tegla Maslina",
        "barcode": "00112",
        "pdv": "17%",
        "section": "SOKOVI I VODA",
        "price": "4.00",
        "in_stock": true
    }
]
